<?xml version="1.0" encoding="utf-8"?>
<annotations>
  <version>1.1</version>
  <meta>
    <task>
      <id>21</id>
      <name>dummy_task</name>
      <size>100</size>
      <mode>interpolation</mode>
      <overlap>5</overlap>
      <bugtracker></bugtracker>
      <created>2020-10-13 16:23:53.970812+00:00</created>
      <updated>2020-10-13 16:23:53.970848+00:00</updated>
      <start_frame>0</start_frame>
      <stop_frame>99</stop_frame>
      <frame_filter></frame_filter>
      <z_order>False</z_order>
      <labels>
        <label>
          <name>Person</name>
          <attributes>
          </attributes>
        </label>
      </labels>
      <segments>
        <segment>
          <id>16</id>
          <start>0</start>
          <stop>99</stop>
          <url>http://default--default.40.81.229.81.xip.io/?id=16</url>
        </segment>
      </segments>
      <owner>
        <username>admin</username>
        <email></email>
      </owner>
      <assignee></assignee>
      <original_size>
        <width>1280</width>
        <height>720</height>
      </original_size>
    </task>
    <dumped>2020-10-13 16:52:23.731540+00:00</dumped>
    <source>JIOPOINT_3Str_IZRX_2020_09_2412_02_13_12_02_33.mp4</source>
  </meta>
</annotations>