<?xml version="1.0" encoding="utf-8"?>
<annotations>
  <version>1.1</version>
  <meta>
    <task>
      <id>38</id>
      <name>dummy_tracking_git_2</name>
      <size>17796</size>
      <mode>interpolation</mode>
      <overlap>5</overlap>
      <bugtracker></bugtracker>
      <created>2020-10-15 12:57:58.437274+00:00</created>
      <updated>2020-10-15 12:57:58.437293+00:00</updated>
      <start_frame>0</start_frame>
      <stop_frame>17795</stop_frame>
      <frame_filter></frame_filter>
      <z_order>False</z_order>
      <labels>
        <label>
          <name>Person</name>
          <attributes>
          </attributes>
        </label>
      </labels>
      <segments>
        <segment>
          <id>23</id>
          <start>0</start>
          <stop>17795</stop>
          <url>http://default--default.40.81.229.81.xip.io/?id=23</url>
        </segment>
      </segments>
      <owner>
        <username>admin</username>
        <email></email>
      </owner>
      <assignee></assignee>
      <original_size>
        <width>480</width>
        <height>270</height>
      </original_size>
    </task>
    <dumped>2020-10-15 13:09:49.824979+00:00</dumped>
    <source>VolkswagenGTIReview.mp4</source>
  </meta>
</annotations>