<?xml version="1.0" encoding="utf-8"?>
<annotations>
  <version>1.1</version>
  <meta>
    <task>
      <id>22</id>
      <name>video_annotation_git</name>
      <size>100</size>
      <mode>interpolation</mode>
      <overlap>5</overlap>
      <bugtracker></bugtracker>
      <created>2020-10-14 05:09:03.610417+00:00</created>
      <updated>2020-10-15 06:58:37.650002+00:00</updated>
      <start_frame>0</start_frame>
      <stop_frame>99</stop_frame>
      <frame_filter></frame_filter>
      <z_order>False</z_order>
      <labels>
        <label>
          <name>Person</name>
          <attributes>
          </attributes>
        </label>
      </labels>
      <segments>
        <segment>
          <id>17</id>
          <start>0</start>
          <stop>99</stop>
          <url>http://default--default.40.81.229.81.xip.io/?id=17</url>
        </segment>
      </segments>
      <owner>
        <username>admin</username>
        <email></email>
      </owner>
      <assignee></assignee>
      <original_size>
        <width>1280</width>
        <height>720</height>
      </original_size>
    </task>
    <dumped>2020-10-15 12:30:46.016536+00:00</dumped>
    <source>v_25_1.mp4</source>
  </meta>
  <track id="0" label="Person">
    <box frame="33" outside="0" occluded="0" keyframe="1" xtl="719.79" ytl="21.43" xbr="948.26" ybr="300.83">
    </box>
    <box frame="34" outside="0" occluded="0" keyframe="0" xtl="719.79" ytl="21.43" xbr="948.26" ybr="300.83">
    </box>
    <box frame="35" outside="0" occluded="0" keyframe="0" xtl="719.79" ytl="21.43" xbr="948.26" ybr="300.83">
    </box>
    <box frame="36" outside="0" occluded="0" keyframe="0" xtl="719.79" ytl="21.43" xbr="948.26" ybr="300.83">
    </box>
    <box frame="37" outside="0" occluded="0" keyframe="0" xtl="719.79" ytl="21.43" xbr="948.26" ybr="300.83">
    </box>
    <box frame="38" outside="0" occluded="0" keyframe="0" xtl="719.79" ytl="21.43" xbr="948.26" ybr="300.83">
    </box>
    <box frame="39" outside="0" occluded="0" keyframe="0" xtl="719.79" ytl="21.43" xbr="948.26" ybr="300.83">
    </box>
    <box frame="40" outside="0" occluded="0" keyframe="0" xtl="719.79" ytl="21.43" xbr="948.26" ybr="300.83">
    </box>
    <box frame="41" outside="0" occluded="0" keyframe="0" xtl="719.79" ytl="21.43" xbr="948.26" ybr="300.83">
    </box>
    <box frame="42" outside="0" occluded="0" keyframe="0" xtl="719.79" ytl="21.43" xbr="948.26" ybr="300.83">
    </box>
    <box frame="43" outside="0" occluded="0" keyframe="0" xtl="719.79" ytl="21.43" xbr="948.26" ybr="300.83">
    </box>
    <box frame="44" outside="0" occluded="0" keyframe="0" xtl="719.79" ytl="21.43" xbr="948.26" ybr="300.83">
    </box>
    <box frame="45" outside="0" occluded="0" keyframe="0" xtl="719.79" ytl="21.43" xbr="948.26" ybr="300.83">
    </box>
    <box frame="46" outside="0" occluded="0" keyframe="0" xtl="719.79" ytl="21.43" xbr="948.26" ybr="300.83">
    </box>
    <box frame="47" outside="0" occluded="0" keyframe="0" xtl="719.79" ytl="21.43" xbr="948.26" ybr="300.83">
    </box>
    <box frame="48" outside="0" occluded="0" keyframe="0" xtl="719.79" ytl="21.43" xbr="948.26" ybr="300.83">
    </box>
    <box frame="49" outside="0" occluded="0" keyframe="0" xtl="719.79" ytl="21.43" xbr="948.26" ybr="300.83">
    </box>
    <box frame="50" outside="0" occluded="0" keyframe="0" xtl="719.79" ytl="21.43" xbr="948.26" ybr="300.83">
    </box>
    <box frame="51" outside="0" occluded="0" keyframe="0" xtl="719.79" ytl="21.43" xbr="948.26" ybr="300.83">
    </box>
    <box frame="52" outside="0" occluded="0" keyframe="0" xtl="719.79" ytl="21.43" xbr="948.26" ybr="300.83">
    </box>
    <box frame="53" outside="0" occluded="0" keyframe="0" xtl="719.79" ytl="21.43" xbr="948.26" ybr="300.83">
    </box>
    <box frame="54" outside="0" occluded="0" keyframe="0" xtl="719.79" ytl="21.43" xbr="948.26" ybr="300.83">
    </box>
    <box frame="55" outside="0" occluded="0" keyframe="0" xtl="719.79" ytl="21.43" xbr="948.26" ybr="300.83">
    </box>
    <box frame="56" outside="0" occluded="0" keyframe="0" xtl="719.79" ytl="21.43" xbr="948.26" ybr="300.83">
    </box>
    <box frame="57" outside="0" occluded="0" keyframe="0" xtl="719.79" ytl="21.43" xbr="948.26" ybr="300.83">
    </box>
    <box frame="58" outside="0" occluded="0" keyframe="0" xtl="719.79" ytl="21.43" xbr="948.26" ybr="300.83">
    </box>
    <box frame="59" outside="0" occluded="0" keyframe="0" xtl="719.79" ytl="21.43" xbr="948.26" ybr="300.83">
    </box>
    <box frame="60" outside="0" occluded="0" keyframe="0" xtl="719.79" ytl="21.43" xbr="948.26" ybr="300.83">
    </box>
    <box frame="61" outside="0" occluded="0" keyframe="0" xtl="719.79" ytl="21.43" xbr="948.26" ybr="300.83">
    </box>
    <box frame="62" outside="0" occluded="0" keyframe="0" xtl="719.79" ytl="21.43" xbr="948.26" ybr="300.83">
    </box>
    <box frame="63" outside="0" occluded="0" keyframe="0" xtl="719.79" ytl="21.43" xbr="948.26" ybr="300.83">
    </box>
    <box frame="64" outside="0" occluded="0" keyframe="0" xtl="719.79" ytl="21.43" xbr="948.26" ybr="300.83">
    </box>
    <box frame="65" outside="0" occluded="0" keyframe="0" xtl="719.79" ytl="21.43" xbr="948.26" ybr="300.83">
    </box>
    <box frame="66" outside="0" occluded="0" keyframe="0" xtl="719.79" ytl="21.43" xbr="948.26" ybr="300.83">
    </box>
    <box frame="67" outside="0" occluded="0" keyframe="0" xtl="719.79" ytl="21.43" xbr="948.26" ybr="300.83">
    </box>
    <box frame="68" outside="0" occluded="0" keyframe="0" xtl="719.79" ytl="21.43" xbr="948.26" ybr="300.83">
    </box>
    <box frame="69" outside="0" occluded="0" keyframe="0" xtl="719.79" ytl="21.43" xbr="948.26" ybr="300.83">
    </box>
    <box frame="70" outside="0" occluded="0" keyframe="0" xtl="719.79" ytl="21.43" xbr="948.26" ybr="300.83">
    </box>
    <box frame="71" outside="0" occluded="0" keyframe="0" xtl="719.79" ytl="21.43" xbr="948.26" ybr="300.83">
    </box>
    <box frame="72" outside="0" occluded="0" keyframe="0" xtl="719.79" ytl="21.43" xbr="948.26" ybr="300.83">
    </box>
    <box frame="73" outside="0" occluded="0" keyframe="0" xtl="719.79" ytl="21.43" xbr="948.26" ybr="300.83">
    </box>
    <box frame="74" outside="0" occluded="0" keyframe="0" xtl="719.79" ytl="21.43" xbr="948.26" ybr="300.83">
    </box>
    <box frame="75" outside="0" occluded="0" keyframe="0" xtl="719.79" ytl="21.43" xbr="948.26" ybr="300.83">
    </box>
    <box frame="76" outside="0" occluded="0" keyframe="0" xtl="719.79" ytl="21.43" xbr="948.26" ybr="300.83">
    </box>
    <box frame="77" outside="0" occluded="0" keyframe="0" xtl="719.79" ytl="21.43" xbr="948.26" ybr="300.83">
    </box>
    <box frame="78" outside="0" occluded="0" keyframe="0" xtl="719.79" ytl="21.43" xbr="948.26" ybr="300.83">
    </box>
    <box frame="79" outside="0" occluded="0" keyframe="0" xtl="719.79" ytl="21.43" xbr="948.26" ybr="300.83">
    </box>
    <box frame="80" outside="0" occluded="0" keyframe="0" xtl="719.79" ytl="21.43" xbr="948.26" ybr="300.83">
    </box>
    <box frame="81" outside="0" occluded="0" keyframe="0" xtl="719.79" ytl="21.43" xbr="948.26" ybr="300.83">
    </box>
    <box frame="82" outside="0" occluded="0" keyframe="0" xtl="719.79" ytl="21.43" xbr="948.26" ybr="300.83">
    </box>
    <box frame="83" outside="0" occluded="0" keyframe="0" xtl="719.79" ytl="21.43" xbr="948.26" ybr="300.83">
    </box>
    <box frame="84" outside="0" occluded="0" keyframe="0" xtl="719.79" ytl="21.43" xbr="948.26" ybr="300.83">
    </box>
    <box frame="85" outside="0" occluded="0" keyframe="0" xtl="719.79" ytl="21.43" xbr="948.26" ybr="300.83">
    </box>
    <box frame="86" outside="0" occluded="0" keyframe="0" xtl="719.79" ytl="21.43" xbr="948.26" ybr="300.83">
    </box>
    <box frame="87" outside="0" occluded="0" keyframe="0" xtl="719.79" ytl="21.43" xbr="948.26" ybr="300.83">
    </box>
    <box frame="88" outside="0" occluded="0" keyframe="0" xtl="719.79" ytl="21.43" xbr="948.26" ybr="300.83">
    </box>
    <box frame="89" outside="0" occluded="0" keyframe="0" xtl="719.79" ytl="21.43" xbr="948.26" ybr="300.83">
    </box>
    <box frame="90" outside="0" occluded="0" keyframe="0" xtl="719.79" ytl="21.43" xbr="948.26" ybr="300.83">
    </box>
    <box frame="91" outside="0" occluded="0" keyframe="0" xtl="719.79" ytl="21.43" xbr="948.26" ybr="300.83">
    </box>
    <box frame="92" outside="0" occluded="0" keyframe="0" xtl="719.79" ytl="21.43" xbr="948.26" ybr="300.83">
    </box>
    <box frame="93" outside="0" occluded="0" keyframe="0" xtl="719.79" ytl="21.43" xbr="948.26" ybr="300.83">
    </box>
    <box frame="94" outside="0" occluded="0" keyframe="0" xtl="719.79" ytl="21.43" xbr="948.26" ybr="300.83">
    </box>
    <box frame="95" outside="0" occluded="0" keyframe="0" xtl="719.79" ytl="21.43" xbr="948.26" ybr="300.83">
    </box>
    <box frame="96" outside="0" occluded="0" keyframe="0" xtl="719.79" ytl="21.43" xbr="948.26" ybr="300.83">
    </box>
    <box frame="97" outside="0" occluded="0" keyframe="0" xtl="719.79" ytl="21.43" xbr="948.26" ybr="300.83">
    </box>
    <box frame="98" outside="0" occluded="0" keyframe="0" xtl="719.79" ytl="21.43" xbr="948.26" ybr="300.83">
    </box>
    <box frame="99" outside="0" occluded="0" keyframe="0" xtl="719.79" ytl="21.43" xbr="948.26" ybr="300.83">
    </box>
  </track>
  <track id="1" label="Person">
    <box frame="2" outside="0" occluded="0" keyframe="1" xtl="308.26" ytl="64.09" xbr="565.63" ybr="463.23">
    </box>
    <box frame="3" outside="0" occluded="0" keyframe="0" xtl="308.26" ytl="64.09" xbr="565.63" ybr="463.23">
    </box>
    <box frame="4" outside="0" occluded="0" keyframe="0" xtl="308.26" ytl="64.09" xbr="565.63" ybr="463.23">
    </box>
    <box frame="5" outside="0" occluded="0" keyframe="0" xtl="308.26" ytl="64.09" xbr="565.63" ybr="463.23">
    </box>
    <box frame="6" outside="0" occluded="0" keyframe="0" xtl="308.26" ytl="64.09" xbr="565.63" ybr="463.23">
    </box>
    <box frame="7" outside="0" occluded="0" keyframe="0" xtl="308.26" ytl="64.09" xbr="565.63" ybr="463.23">
    </box>
    <box frame="8" outside="0" occluded="0" keyframe="0" xtl="308.26" ytl="64.09" xbr="565.63" ybr="463.23">
    </box>
    <box frame="9" outside="0" occluded="0" keyframe="0" xtl="308.26" ytl="64.09" xbr="565.63" ybr="463.23">
    </box>
    <box frame="10" outside="0" occluded="0" keyframe="0" xtl="308.26" ytl="64.09" xbr="565.63" ybr="463.23">
    </box>
    <box frame="11" outside="0" occluded="0" keyframe="0" xtl="308.26" ytl="64.09" xbr="565.63" ybr="463.23">
    </box>
    <box frame="12" outside="0" occluded="0" keyframe="0" xtl="308.26" ytl="64.09" xbr="565.63" ybr="463.23">
    </box>
    <box frame="13" outside="0" occluded="0" keyframe="0" xtl="308.26" ytl="64.09" xbr="565.63" ybr="463.23">
    </box>
    <box frame="14" outside="0" occluded="0" keyframe="0" xtl="308.26" ytl="64.09" xbr="565.63" ybr="463.23">
    </box>
    <box frame="15" outside="0" occluded="0" keyframe="0" xtl="308.26" ytl="64.09" xbr="565.63" ybr="463.23">
    </box>
    <box frame="16" outside="0" occluded="0" keyframe="0" xtl="308.26" ytl="64.09" xbr="565.63" ybr="463.23">
    </box>
    <box frame="17" outside="0" occluded="0" keyframe="0" xtl="308.26" ytl="64.09" xbr="565.63" ybr="463.23">
    </box>
    <box frame="18" outside="0" occluded="0" keyframe="0" xtl="308.26" ytl="64.09" xbr="565.63" ybr="463.23">
    </box>
    <box frame="19" outside="0" occluded="0" keyframe="0" xtl="308.26" ytl="64.09" xbr="565.63" ybr="463.23">
    </box>
    <box frame="20" outside="0" occluded="0" keyframe="0" xtl="308.26" ytl="64.09" xbr="565.63" ybr="463.23">
    </box>
    <box frame="21" outside="0" occluded="0" keyframe="0" xtl="308.26" ytl="64.09" xbr="565.63" ybr="463.23">
    </box>
    <box frame="22" outside="0" occluded="0" keyframe="0" xtl="308.26" ytl="64.09" xbr="565.63" ybr="463.23">
    </box>
    <box frame="23" outside="0" occluded="0" keyframe="0" xtl="308.26" ytl="64.09" xbr="565.63" ybr="463.23">
    </box>
    <box frame="24" outside="0" occluded="0" keyframe="0" xtl="308.26" ytl="64.09" xbr="565.63" ybr="463.23">
    </box>
    <box frame="25" outside="0" occluded="0" keyframe="0" xtl="308.26" ytl="64.09" xbr="565.63" ybr="463.23">
    </box>
    <box frame="26" outside="0" occluded="0" keyframe="0" xtl="308.26" ytl="64.09" xbr="565.63" ybr="463.23">
    </box>
    <box frame="27" outside="0" occluded="0" keyframe="0" xtl="308.26" ytl="64.09" xbr="565.63" ybr="463.23">
    </box>
    <box frame="28" outside="0" occluded="0" keyframe="0" xtl="308.26" ytl="64.09" xbr="565.63" ybr="463.23">
    </box>
    <box frame="29" outside="0" occluded="0" keyframe="0" xtl="308.26" ytl="64.09" xbr="565.63" ybr="463.23">
    </box>
    <box frame="30" outside="0" occluded="0" keyframe="0" xtl="308.26" ytl="64.09" xbr="565.63" ybr="463.23">
    </box>
    <box frame="31" outside="0" occluded="0" keyframe="0" xtl="308.26" ytl="64.09" xbr="565.63" ybr="463.23">
    </box>
    <box frame="32" outside="0" occluded="0" keyframe="0" xtl="308.26" ytl="64.09" xbr="565.63" ybr="463.23">
    </box>
    <box frame="33" outside="0" occluded="0" keyframe="0" xtl="308.26" ytl="64.09" xbr="565.63" ybr="463.23">
    </box>
    <box frame="34" outside="0" occluded="0" keyframe="0" xtl="308.26" ytl="64.09" xbr="565.63" ybr="463.23">
    </box>
    <box frame="35" outside="0" occluded="0" keyframe="0" xtl="308.26" ytl="64.09" xbr="565.63" ybr="463.23">
    </box>
    <box frame="36" outside="0" occluded="0" keyframe="0" xtl="308.26" ytl="64.09" xbr="565.63" ybr="463.23">
    </box>
    <box frame="37" outside="0" occluded="0" keyframe="0" xtl="308.26" ytl="64.09" xbr="565.63" ybr="463.23">
    </box>
    <box frame="38" outside="0" occluded="0" keyframe="0" xtl="308.26" ytl="64.09" xbr="565.63" ybr="463.23">
    </box>
    <box frame="39" outside="0" occluded="0" keyframe="0" xtl="308.26" ytl="64.09" xbr="565.63" ybr="463.23">
    </box>
    <box frame="40" outside="0" occluded="0" keyframe="0" xtl="308.26" ytl="64.09" xbr="565.63" ybr="463.23">
    </box>
    <box frame="41" outside="0" occluded="0" keyframe="0" xtl="308.26" ytl="64.09" xbr="565.63" ybr="463.23">
    </box>
    <box frame="42" outside="0" occluded="0" keyframe="0" xtl="308.26" ytl="64.09" xbr="565.63" ybr="463.23">
    </box>
    <box frame="43" outside="0" occluded="0" keyframe="0" xtl="308.26" ytl="64.09" xbr="565.63" ybr="463.23">
    </box>
    <box frame="44" outside="0" occluded="0" keyframe="0" xtl="308.26" ytl="64.09" xbr="565.63" ybr="463.23">
    </box>
    <box frame="45" outside="0" occluded="0" keyframe="0" xtl="308.26" ytl="64.09" xbr="565.63" ybr="463.23">
    </box>
    <box frame="46" outside="0" occluded="0" keyframe="0" xtl="308.26" ytl="64.09" xbr="565.63" ybr="463.23">
    </box>
    <box frame="47" outside="0" occluded="0" keyframe="0" xtl="308.26" ytl="64.09" xbr="565.63" ybr="463.23">
    </box>
    <box frame="48" outside="0" occluded="0" keyframe="0" xtl="308.26" ytl="64.09" xbr="565.63" ybr="463.23">
    </box>
    <box frame="49" outside="0" occluded="0" keyframe="0" xtl="308.26" ytl="64.09" xbr="565.63" ybr="463.23">
    </box>
    <box frame="50" outside="0" occluded="0" keyframe="0" xtl="308.26" ytl="64.09" xbr="565.63" ybr="463.23">
    </box>
    <box frame="51" outside="0" occluded="0" keyframe="0" xtl="308.26" ytl="64.09" xbr="565.63" ybr="463.23">
    </box>
    <box frame="52" outside="0" occluded="0" keyframe="0" xtl="308.26" ytl="64.09" xbr="565.63" ybr="463.23">
    </box>
    <box frame="53" outside="0" occluded="0" keyframe="0" xtl="308.26" ytl="64.09" xbr="565.63" ybr="463.23">
    </box>
    <box frame="54" outside="0" occluded="0" keyframe="0" xtl="308.26" ytl="64.09" xbr="565.63" ybr="463.23">
    </box>
    <box frame="55" outside="0" occluded="0" keyframe="0" xtl="308.26" ytl="64.09" xbr="565.63" ybr="463.23">
    </box>
    <box frame="56" outside="0" occluded="0" keyframe="0" xtl="308.26" ytl="64.09" xbr="565.63" ybr="463.23">
    </box>
    <box frame="57" outside="0" occluded="0" keyframe="0" xtl="308.26" ytl="64.09" xbr="565.63" ybr="463.23">
    </box>
    <box frame="58" outside="0" occluded="0" keyframe="0" xtl="308.26" ytl="64.09" xbr="565.63" ybr="463.23">
    </box>
    <box frame="59" outside="0" occluded="0" keyframe="0" xtl="308.26" ytl="64.09" xbr="565.63" ybr="463.23">
    </box>
    <box frame="60" outside="0" occluded="0" keyframe="0" xtl="308.26" ytl="64.09" xbr="565.63" ybr="463.23">
    </box>
    <box frame="61" outside="0" occluded="0" keyframe="0" xtl="308.26" ytl="64.09" xbr="565.63" ybr="463.23">
    </box>
    <box frame="62" outside="0" occluded="0" keyframe="0" xtl="308.26" ytl="64.09" xbr="565.63" ybr="463.23">
    </box>
    <box frame="63" outside="0" occluded="0" keyframe="0" xtl="308.26" ytl="64.09" xbr="565.63" ybr="463.23">
    </box>
    <box frame="64" outside="0" occluded="0" keyframe="0" xtl="308.26" ytl="64.09" xbr="565.63" ybr="463.23">
    </box>
    <box frame="65" outside="0" occluded="0" keyframe="0" xtl="308.26" ytl="64.09" xbr="565.63" ybr="463.23">
    </box>
    <box frame="66" outside="0" occluded="0" keyframe="0" xtl="308.26" ytl="64.09" xbr="565.63" ybr="463.23">
    </box>
    <box frame="67" outside="0" occluded="0" keyframe="0" xtl="308.26" ytl="64.09" xbr="565.63" ybr="463.23">
    </box>
    <box frame="68" outside="0" occluded="0" keyframe="0" xtl="308.26" ytl="64.09" xbr="565.63" ybr="463.23">
    </box>
    <box frame="69" outside="0" occluded="0" keyframe="0" xtl="308.26" ytl="64.09" xbr="565.63" ybr="463.23">
    </box>
    <box frame="70" outside="0" occluded="0" keyframe="0" xtl="308.26" ytl="64.09" xbr="565.63" ybr="463.23">
    </box>
    <box frame="71" outside="0" occluded="0" keyframe="0" xtl="308.26" ytl="64.09" xbr="565.63" ybr="463.23">
    </box>
    <box frame="72" outside="0" occluded="0" keyframe="0" xtl="308.26" ytl="64.09" xbr="565.63" ybr="463.23">
    </box>
    <box frame="73" outside="0" occluded="0" keyframe="0" xtl="308.26" ytl="64.09" xbr="565.63" ybr="463.23">
    </box>
    <box frame="74" outside="0" occluded="0" keyframe="0" xtl="308.26" ytl="64.09" xbr="565.63" ybr="463.23">
    </box>
    <box frame="75" outside="0" occluded="0" keyframe="0" xtl="308.26" ytl="64.09" xbr="565.63" ybr="463.23">
    </box>
    <box frame="76" outside="0" occluded="0" keyframe="0" xtl="308.26" ytl="64.09" xbr="565.63" ybr="463.23">
    </box>
    <box frame="77" outside="0" occluded="0" keyframe="0" xtl="308.26" ytl="64.09" xbr="565.63" ybr="463.23">
    </box>
    <box frame="78" outside="0" occluded="0" keyframe="0" xtl="308.26" ytl="64.09" xbr="565.63" ybr="463.23">
    </box>
    <box frame="79" outside="0" occluded="0" keyframe="0" xtl="308.26" ytl="64.09" xbr="565.63" ybr="463.23">
    </box>
    <box frame="80" outside="0" occluded="0" keyframe="0" xtl="308.26" ytl="64.09" xbr="565.63" ybr="463.23">
    </box>
    <box frame="81" outside="0" occluded="0" keyframe="0" xtl="308.26" ytl="64.09" xbr="565.63" ybr="463.23">
    </box>
    <box frame="82" outside="0" occluded="0" keyframe="0" xtl="308.26" ytl="64.09" xbr="565.63" ybr="463.23">
    </box>
    <box frame="83" outside="0" occluded="0" keyframe="0" xtl="308.26" ytl="64.09" xbr="565.63" ybr="463.23">
    </box>
    <box frame="84" outside="0" occluded="0" keyframe="0" xtl="308.26" ytl="64.09" xbr="565.63" ybr="463.23">
    </box>
    <box frame="85" outside="0" occluded="0" keyframe="0" xtl="308.26" ytl="64.09" xbr="565.63" ybr="463.23">
    </box>
    <box frame="86" outside="0" occluded="0" keyframe="0" xtl="308.26" ytl="64.09" xbr="565.63" ybr="463.23">
    </box>
    <box frame="87" outside="0" occluded="0" keyframe="0" xtl="308.26" ytl="64.09" xbr="565.63" ybr="463.23">
    </box>
    <box frame="88" outside="0" occluded="0" keyframe="0" xtl="308.26" ytl="64.09" xbr="565.63" ybr="463.23">
    </box>
    <box frame="89" outside="0" occluded="0" keyframe="0" xtl="308.26" ytl="64.09" xbr="565.63" ybr="463.23">
    </box>
    <box frame="90" outside="0" occluded="0" keyframe="0" xtl="308.26" ytl="64.09" xbr="565.63" ybr="463.23">
    </box>
    <box frame="91" outside="0" occluded="0" keyframe="0" xtl="308.26" ytl="64.09" xbr="565.63" ybr="463.23">
    </box>
    <box frame="92" outside="0" occluded="0" keyframe="0" xtl="308.26" ytl="64.09" xbr="565.63" ybr="463.23">
    </box>
    <box frame="93" outside="0" occluded="0" keyframe="0" xtl="308.26" ytl="64.09" xbr="565.63" ybr="463.23">
    </box>
    <box frame="94" outside="0" occluded="0" keyframe="0" xtl="308.26" ytl="64.09" xbr="565.63" ybr="463.23">
    </box>
    <box frame="95" outside="0" occluded="0" keyframe="0" xtl="308.26" ytl="64.09" xbr="565.63" ybr="463.23">
    </box>
    <box frame="96" outside="0" occluded="0" keyframe="0" xtl="308.26" ytl="64.09" xbr="565.63" ybr="463.23">
    </box>
    <box frame="97" outside="0" occluded="0" keyframe="0" xtl="308.26" ytl="64.09" xbr="565.63" ybr="463.23">
    </box>
    <box frame="98" outside="0" occluded="0" keyframe="0" xtl="308.26" ytl="64.09" xbr="565.63" ybr="463.23">
    </box>
    <box frame="99" outside="0" occluded="0" keyframe="0" xtl="308.26" ytl="64.09" xbr="565.63" ybr="463.23">
    </box>
  </track>
  <track id="2" label="Person">
    <box frame="2" outside="0" occluded="0" keyframe="1" xtl="737.68" ytl="32.44" xbr="953.76" ybr="325.60">
    </box>
    <box frame="3" outside="0" occluded="0" keyframe="0" xtl="737.68" ytl="32.44" xbr="953.76" ybr="325.60">
    </box>
    <box frame="4" outside="0" occluded="0" keyframe="0" xtl="737.68" ytl="32.44" xbr="953.76" ybr="325.60">
    </box>
    <box frame="5" outside="0" occluded="0" keyframe="0" xtl="737.68" ytl="32.44" xbr="953.76" ybr="325.60">
    </box>
    <box frame="6" outside="0" occluded="0" keyframe="0" xtl="737.68" ytl="32.44" xbr="953.76" ybr="325.60">
    </box>
    <box frame="7" outside="0" occluded="0" keyframe="0" xtl="737.68" ytl="32.44" xbr="953.76" ybr="325.60">
    </box>
    <box frame="8" outside="0" occluded="0" keyframe="0" xtl="737.68" ytl="32.44" xbr="953.76" ybr="325.60">
    </box>
    <box frame="9" outside="0" occluded="0" keyframe="0" xtl="737.68" ytl="32.44" xbr="953.76" ybr="325.60">
    </box>
    <box frame="10" outside="0" occluded="0" keyframe="0" xtl="737.68" ytl="32.44" xbr="953.76" ybr="325.60">
    </box>
    <box frame="11" outside="0" occluded="0" keyframe="0" xtl="737.68" ytl="32.44" xbr="953.76" ybr="325.60">
    </box>
    <box frame="12" outside="0" occluded="0" keyframe="0" xtl="737.68" ytl="32.44" xbr="953.76" ybr="325.60">
    </box>
    <box frame="13" outside="0" occluded="0" keyframe="0" xtl="737.68" ytl="32.44" xbr="953.76" ybr="325.60">
    </box>
    <box frame="14" outside="0" occluded="0" keyframe="0" xtl="737.68" ytl="32.44" xbr="953.76" ybr="325.60">
    </box>
    <box frame="15" outside="0" occluded="0" keyframe="0" xtl="737.68" ytl="32.44" xbr="953.76" ybr="325.60">
    </box>
    <box frame="16" outside="0" occluded="0" keyframe="0" xtl="737.68" ytl="32.44" xbr="953.76" ybr="325.60">
    </box>
    <box frame="17" outside="0" occluded="0" keyframe="0" xtl="737.68" ytl="32.44" xbr="953.76" ybr="325.60">
    </box>
    <box frame="18" outside="0" occluded="0" keyframe="0" xtl="737.68" ytl="32.44" xbr="953.76" ybr="325.60">
    </box>
    <box frame="19" outside="0" occluded="0" keyframe="0" xtl="737.68" ytl="32.44" xbr="953.76" ybr="325.60">
    </box>
    <box frame="20" outside="0" occluded="0" keyframe="0" xtl="737.68" ytl="32.44" xbr="953.76" ybr="325.60">
    </box>
    <box frame="21" outside="0" occluded="0" keyframe="0" xtl="737.68" ytl="32.44" xbr="953.76" ybr="325.60">
    </box>
    <box frame="22" outside="0" occluded="0" keyframe="0" xtl="737.68" ytl="32.44" xbr="953.76" ybr="325.60">
    </box>
    <box frame="23" outside="0" occluded="0" keyframe="0" xtl="737.68" ytl="32.44" xbr="953.76" ybr="325.60">
    </box>
    <box frame="24" outside="0" occluded="0" keyframe="0" xtl="737.68" ytl="32.44" xbr="953.76" ybr="325.60">
    </box>
    <box frame="25" outside="0" occluded="0" keyframe="0" xtl="737.68" ytl="32.44" xbr="953.76" ybr="325.60">
    </box>
    <box frame="26" outside="0" occluded="0" keyframe="0" xtl="737.68" ytl="32.44" xbr="953.76" ybr="325.60">
    </box>
    <box frame="27" outside="0" occluded="0" keyframe="0" xtl="737.68" ytl="32.44" xbr="953.76" ybr="325.60">
    </box>
    <box frame="28" outside="0" occluded="0" keyframe="0" xtl="737.68" ytl="32.44" xbr="953.76" ybr="325.60">
    </box>
    <box frame="29" outside="0" occluded="0" keyframe="0" xtl="737.68" ytl="32.44" xbr="953.76" ybr="325.60">
    </box>
    <box frame="30" outside="0" occluded="0" keyframe="0" xtl="737.68" ytl="32.44" xbr="953.76" ybr="325.60">
    </box>
    <box frame="31" outside="0" occluded="0" keyframe="0" xtl="737.68" ytl="32.44" xbr="953.76" ybr="325.60">
    </box>
    <box frame="32" outside="0" occluded="0" keyframe="0" xtl="737.68" ytl="32.44" xbr="953.76" ybr="325.60">
    </box>
    <box frame="33" outside="0" occluded="0" keyframe="0" xtl="737.68" ytl="32.44" xbr="953.76" ybr="325.60">
    </box>
    <box frame="34" outside="0" occluded="0" keyframe="0" xtl="737.68" ytl="32.44" xbr="953.76" ybr="325.60">
    </box>
    <box frame="35" outside="0" occluded="0" keyframe="0" xtl="737.68" ytl="32.44" xbr="953.76" ybr="325.60">
    </box>
    <box frame="36" outside="0" occluded="0" keyframe="0" xtl="737.68" ytl="32.44" xbr="953.76" ybr="325.60">
    </box>
    <box frame="37" outside="0" occluded="0" keyframe="0" xtl="737.68" ytl="32.44" xbr="953.76" ybr="325.60">
    </box>
    <box frame="38" outside="0" occluded="0" keyframe="0" xtl="737.68" ytl="32.44" xbr="953.76" ybr="325.60">
    </box>
    <box frame="39" outside="0" occluded="0" keyframe="0" xtl="737.68" ytl="32.44" xbr="953.76" ybr="325.60">
    </box>
    <box frame="40" outside="0" occluded="0" keyframe="0" xtl="737.68" ytl="32.44" xbr="953.76" ybr="325.60">
    </box>
    <box frame="41" outside="0" occluded="0" keyframe="0" xtl="737.68" ytl="32.44" xbr="953.76" ybr="325.60">
    </box>
    <box frame="42" outside="0" occluded="0" keyframe="0" xtl="737.68" ytl="32.44" xbr="953.76" ybr="325.60">
    </box>
    <box frame="43" outside="0" occluded="0" keyframe="0" xtl="737.68" ytl="32.44" xbr="953.76" ybr="325.60">
    </box>
    <box frame="44" outside="0" occluded="0" keyframe="0" xtl="737.68" ytl="32.44" xbr="953.76" ybr="325.60">
    </box>
    <box frame="45" outside="0" occluded="0" keyframe="0" xtl="737.68" ytl="32.44" xbr="953.76" ybr="325.60">
    </box>
    <box frame="46" outside="0" occluded="0" keyframe="0" xtl="737.68" ytl="32.44" xbr="953.76" ybr="325.60">
    </box>
    <box frame="47" outside="0" occluded="0" keyframe="0" xtl="737.68" ytl="32.44" xbr="953.76" ybr="325.60">
    </box>
    <box frame="48" outside="0" occluded="0" keyframe="0" xtl="737.68" ytl="32.44" xbr="953.76" ybr="325.60">
    </box>
    <box frame="49" outside="0" occluded="0" keyframe="0" xtl="737.68" ytl="32.44" xbr="953.76" ybr="325.60">
    </box>
    <box frame="50" outside="0" occluded="0" keyframe="0" xtl="737.68" ytl="32.44" xbr="953.76" ybr="325.60">
    </box>
    <box frame="51" outside="0" occluded="0" keyframe="0" xtl="737.68" ytl="32.44" xbr="953.76" ybr="325.60">
    </box>
    <box frame="52" outside="0" occluded="0" keyframe="0" xtl="737.68" ytl="32.44" xbr="953.76" ybr="325.60">
    </box>
    <box frame="53" outside="0" occluded="0" keyframe="0" xtl="737.68" ytl="32.44" xbr="953.76" ybr="325.60">
    </box>
    <box frame="54" outside="0" occluded="0" keyframe="0" xtl="737.68" ytl="32.44" xbr="953.76" ybr="325.60">
    </box>
    <box frame="55" outside="0" occluded="0" keyframe="0" xtl="737.68" ytl="32.44" xbr="953.76" ybr="325.60">
    </box>
    <box frame="56" outside="0" occluded="0" keyframe="0" xtl="737.68" ytl="32.44" xbr="953.76" ybr="325.60">
    </box>
    <box frame="57" outside="0" occluded="0" keyframe="0" xtl="737.68" ytl="32.44" xbr="953.76" ybr="325.60">
    </box>
    <box frame="58" outside="0" occluded="0" keyframe="0" xtl="737.68" ytl="32.44" xbr="953.76" ybr="325.60">
    </box>
    <box frame="59" outside="0" occluded="0" keyframe="0" xtl="737.68" ytl="32.44" xbr="953.76" ybr="325.60">
    </box>
    <box frame="60" outside="0" occluded="0" keyframe="0" xtl="737.68" ytl="32.44" xbr="953.76" ybr="325.60">
    </box>
    <box frame="61" outside="0" occluded="0" keyframe="0" xtl="737.68" ytl="32.44" xbr="953.76" ybr="325.60">
    </box>
    <box frame="62" outside="0" occluded="0" keyframe="0" xtl="737.68" ytl="32.44" xbr="953.76" ybr="325.60">
    </box>
    <box frame="63" outside="0" occluded="0" keyframe="0" xtl="737.68" ytl="32.44" xbr="953.76" ybr="325.60">
    </box>
    <box frame="64" outside="0" occluded="0" keyframe="0" xtl="737.68" ytl="32.44" xbr="953.76" ybr="325.60">
    </box>
    <box frame="65" outside="0" occluded="0" keyframe="0" xtl="737.68" ytl="32.44" xbr="953.76" ybr="325.60">
    </box>
    <box frame="66" outside="0" occluded="0" keyframe="0" xtl="737.68" ytl="32.44" xbr="953.76" ybr="325.60">
    </box>
    <box frame="67" outside="0" occluded="0" keyframe="0" xtl="737.68" ytl="32.44" xbr="953.76" ybr="325.60">
    </box>
    <box frame="68" outside="0" occluded="0" keyframe="0" xtl="737.68" ytl="32.44" xbr="953.76" ybr="325.60">
    </box>
    <box frame="69" outside="0" occluded="0" keyframe="0" xtl="737.68" ytl="32.44" xbr="953.76" ybr="325.60">
    </box>
    <box frame="70" outside="0" occluded="0" keyframe="0" xtl="737.68" ytl="32.44" xbr="953.76" ybr="325.60">
    </box>
    <box frame="71" outside="0" occluded="0" keyframe="0" xtl="737.68" ytl="32.44" xbr="953.76" ybr="325.60">
    </box>
    <box frame="72" outside="0" occluded="0" keyframe="0" xtl="737.68" ytl="32.44" xbr="953.76" ybr="325.60">
    </box>
    <box frame="73" outside="0" occluded="0" keyframe="0" xtl="737.68" ytl="32.44" xbr="953.76" ybr="325.60">
    </box>
    <box frame="74" outside="0" occluded="0" keyframe="0" xtl="737.68" ytl="32.44" xbr="953.76" ybr="325.60">
    </box>
    <box frame="75" outside="0" occluded="0" keyframe="0" xtl="737.68" ytl="32.44" xbr="953.76" ybr="325.60">
    </box>
    <box frame="76" outside="0" occluded="0" keyframe="0" xtl="737.68" ytl="32.44" xbr="953.76" ybr="325.60">
    </box>
    <box frame="77" outside="0" occluded="0" keyframe="0" xtl="737.68" ytl="32.44" xbr="953.76" ybr="325.60">
    </box>
    <box frame="78" outside="0" occluded="0" keyframe="0" xtl="737.68" ytl="32.44" xbr="953.76" ybr="325.60">
    </box>
    <box frame="79" outside="0" occluded="0" keyframe="0" xtl="737.68" ytl="32.44" xbr="953.76" ybr="325.60">
    </box>
    <box frame="80" outside="0" occluded="0" keyframe="0" xtl="737.68" ytl="32.44" xbr="953.76" ybr="325.60">
    </box>
    <box frame="81" outside="0" occluded="0" keyframe="0" xtl="737.68" ytl="32.44" xbr="953.76" ybr="325.60">
    </box>
    <box frame="82" outside="0" occluded="0" keyframe="0" xtl="737.68" ytl="32.44" xbr="953.76" ybr="325.60">
    </box>
    <box frame="83" outside="0" occluded="0" keyframe="0" xtl="737.68" ytl="32.44" xbr="953.76" ybr="325.60">
    </box>
    <box frame="84" outside="0" occluded="0" keyframe="0" xtl="737.68" ytl="32.44" xbr="953.76" ybr="325.60">
    </box>
    <box frame="85" outside="0" occluded="0" keyframe="0" xtl="737.68" ytl="32.44" xbr="953.76" ybr="325.60">
    </box>
    <box frame="86" outside="0" occluded="0" keyframe="0" xtl="737.68" ytl="32.44" xbr="953.76" ybr="325.60">
    </box>
    <box frame="87" outside="0" occluded="0" keyframe="0" xtl="737.68" ytl="32.44" xbr="953.76" ybr="325.60">
    </box>
    <box frame="88" outside="0" occluded="0" keyframe="0" xtl="737.68" ytl="32.44" xbr="953.76" ybr="325.60">
    </box>
    <box frame="89" outside="0" occluded="0" keyframe="0" xtl="737.68" ytl="32.44" xbr="953.76" ybr="325.60">
    </box>
    <box frame="90" outside="0" occluded="0" keyframe="0" xtl="737.68" ytl="32.44" xbr="953.76" ybr="325.60">
    </box>
    <box frame="91" outside="0" occluded="0" keyframe="0" xtl="737.68" ytl="32.44" xbr="953.76" ybr="325.60">
    </box>
    <box frame="92" outside="0" occluded="0" keyframe="0" xtl="737.68" ytl="32.44" xbr="953.76" ybr="325.60">
    </box>
    <box frame="93" outside="0" occluded="0" keyframe="0" xtl="737.68" ytl="32.44" xbr="953.76" ybr="325.60">
    </box>
    <box frame="94" outside="0" occluded="0" keyframe="0" xtl="737.68" ytl="32.44" xbr="953.76" ybr="325.60">
    </box>
    <box frame="95" outside="0" occluded="0" keyframe="0" xtl="737.68" ytl="32.44" xbr="953.76" ybr="325.60">
    </box>
    <box frame="96" outside="0" occluded="0" keyframe="0" xtl="737.68" ytl="32.44" xbr="953.76" ybr="325.60">
    </box>
    <box frame="97" outside="0" occluded="0" keyframe="0" xtl="737.68" ytl="32.44" xbr="953.76" ybr="325.60">
    </box>
    <box frame="98" outside="0" occluded="0" keyframe="0" xtl="737.68" ytl="32.44" xbr="953.76" ybr="325.60">
    </box>
    <box frame="99" outside="0" occluded="0" keyframe="0" xtl="737.68" ytl="32.44" xbr="953.76" ybr="325.60">
    </box>
  </track>
  <track id="3" label="Person">
    <box frame="5" outside="0" occluded="0" keyframe="1" xtl="308.00" ytl="84.00" xbr="565.00" ybr="483.00">
    </box>
    <box frame="6" outside="1" occluded="0" keyframe="1" xtl="308.00" ytl="84.00" xbr="565.00" ybr="483.00">
    </box>
  </track>
  <track id="4" label="Person">
    <box frame="5" outside="0" occluded="0" keyframe="1" xtl="736.00" ytl="24.00" xbr="952.00" ybr="317.00">
    </box>
    <box frame="6" outside="1" occluded="0" keyframe="1" xtl="736.00" ytl="24.00" xbr="952.00" ybr="317.00">
    </box>
  </track>
  <track id="5" label="Person">
    <box frame="6" outside="0" occluded="0" keyframe="1" xtl="737.00" ytl="27.00" xbr="953.00" ybr="320.00">
    </box>
    <box frame="7" outside="1" occluded="0" keyframe="1" xtl="737.00" ytl="27.00" xbr="953.00" ybr="320.00">
    </box>
  </track>
  <track id="6" label="Person">
    <box frame="6" outside="0" occluded="0" keyframe="1" xtl="304.00" ytl="80.00" xbr="561.00" ybr="479.00">
    </box>
    <box frame="7" outside="1" occluded="0" keyframe="1" xtl="304.00" ytl="80.00" xbr="561.00" ybr="479.00">
    </box>
  </track>
  <track id="7" label="Person">
    <box frame="7" outside="0" occluded="0" keyframe="1" xtl="300.00" ytl="72.00" xbr="557.00" ybr="471.00">
    </box>
    <box frame="8" outside="1" occluded="0" keyframe="1" xtl="300.00" ytl="72.00" xbr="557.00" ybr="471.00">
    </box>
  </track>
  <track id="8" label="Person">
    <box frame="7" outside="0" occluded="0" keyframe="1" xtl="736.00" ytl="27.00" xbr="952.00" ybr="320.00">
    </box>
    <box frame="8" outside="1" occluded="0" keyframe="1" xtl="736.00" ytl="27.00" xbr="952.00" ybr="320.00">
    </box>
  </track>
  <track id="9" label="Person">
    <box frame="8" outside="0" occluded="0" keyframe="1" xtl="735.00" ytl="27.00" xbr="951.00" ybr="320.00">
    </box>
    <box frame="9" outside="1" occluded="0" keyframe="1" xtl="735.00" ytl="27.00" xbr="951.00" ybr="320.00">
    </box>
  </track>
  <track id="10" label="Person">
    <box frame="8" outside="0" occluded="0" keyframe="1" xtl="296.00" ytl="84.00" xbr="553.00" ybr="483.00">
    </box>
    <box frame="9" outside="1" occluded="0" keyframe="1" xtl="296.00" ytl="84.00" xbr="553.00" ybr="483.00">
    </box>
  </track>
  <track id="11" label="Person">
    <box frame="9" outside="0" occluded="0" keyframe="1" xtl="734.00" ytl="27.00" xbr="950.00" ybr="320.00">
    </box>
    <box frame="10" outside="1" occluded="0" keyframe="1" xtl="734.00" ytl="27.00" xbr="950.00" ybr="320.00">
    </box>
  </track>
  <track id="12" label="Person">
    <box frame="9" outside="0" occluded="0" keyframe="1" xtl="295.00" ytl="84.00" xbr="552.00" ybr="483.00">
    </box>
    <box frame="10" outside="1" occluded="0" keyframe="1" xtl="295.00" ytl="84.00" xbr="552.00" ybr="483.00">
    </box>
  </track>
  <track id="13" label="Person">
    <box frame="10" outside="0" occluded="0" keyframe="1" xtl="735.00" ytl="27.00" xbr="951.00" ybr="320.00">
    </box>
    <box frame="11" outside="1" occluded="0" keyframe="1" xtl="735.00" ytl="27.00" xbr="951.00" ybr="320.00">
    </box>
  </track>
  <track id="14" label="Person">
    <box frame="10" outside="0" occluded="0" keyframe="1" xtl="297.00" ytl="84.00" xbr="554.00" ybr="483.00">
    </box>
    <box frame="11" outside="1" occluded="0" keyframe="1" xtl="297.00" ytl="84.00" xbr="554.00" ybr="483.00">
    </box>
  </track>
  <track id="15" label="Person">
    <box frame="11" outside="0" occluded="0" keyframe="1" xtl="736.00" ytl="27.00" xbr="952.00" ybr="320.00">
    </box>
    <box frame="12" outside="1" occluded="0" keyframe="1" xtl="736.00" ytl="27.00" xbr="952.00" ybr="320.00">
    </box>
  </track>
  <track id="16" label="Person">
    <box frame="11" outside="0" occluded="0" keyframe="1" xtl="299.00" ytl="88.00" xbr="556.00" ybr="487.00">
    </box>
    <box frame="12" outside="1" occluded="0" keyframe="1" xtl="299.00" ytl="88.00" xbr="556.00" ybr="487.00">
    </box>
  </track>
  <track id="17" label="Person">
    <box frame="12" outside="0" occluded="0" keyframe="1" xtl="301.00" ytl="88.00" xbr="558.00" ybr="487.00">
    </box>
    <box frame="13" outside="1" occluded="0" keyframe="1" xtl="301.00" ytl="88.00" xbr="558.00" ybr="487.00">
    </box>
  </track>
  <track id="18" label="Person">
    <box frame="12" outside="0" occluded="0" keyframe="1" xtl="735.00" ytl="27.00" xbr="951.00" ybr="320.00">
    </box>
    <box frame="13" outside="1" occluded="0" keyframe="1" xtl="735.00" ytl="27.00" xbr="951.00" ybr="320.00">
    </box>
  </track>
  <track id="19" label="Person">
    <box frame="13" outside="0" occluded="0" keyframe="1" xtl="303.00" ytl="88.00" xbr="560.00" ybr="487.00">
    </box>
    <box frame="14" outside="1" occluded="0" keyframe="1" xtl="303.00" ytl="88.00" xbr="560.00" ybr="487.00">
    </box>
  </track>
  <track id="20" label="Person">
    <box frame="13" outside="0" occluded="0" keyframe="1" xtl="734.00" ytl="27.00" xbr="950.00" ybr="320.00">
    </box>
    <box frame="14" outside="1" occluded="0" keyframe="1" xtl="734.00" ytl="27.00" xbr="950.00" ybr="320.00">
    </box>
  </track>
  <track id="21" label="Person">
    <box frame="14" outside="0" occluded="0" keyframe="1" xtl="733.00" ytl="27.00" xbr="949.00" ybr="320.00">
    </box>
    <box frame="15" outside="1" occluded="0" keyframe="1" xtl="733.00" ytl="27.00" xbr="949.00" ybr="320.00">
    </box>
  </track>
  <track id="22" label="Person">
    <box frame="14" outside="0" occluded="0" keyframe="1" xtl="299.00" ytl="92.00" xbr="556.00" ybr="491.00">
    </box>
    <box frame="15" outside="1" occluded="0" keyframe="1" xtl="299.00" ytl="92.00" xbr="556.00" ybr="491.00">
    </box>
  </track>
  <track id="23" label="Person">
    <box frame="15" outside="0" occluded="0" keyframe="1" xtl="304.00" ytl="92.00" xbr="561.00" ybr="491.00">
    </box>
    <box frame="16" outside="1" occluded="0" keyframe="1" xtl="304.00" ytl="92.00" xbr="561.00" ybr="491.00">
    </box>
  </track>
  <track id="24" label="Person">
    <box frame="15" outside="0" occluded="0" keyframe="1" xtl="732.00" ytl="27.00" xbr="948.00" ybr="320.00">
    </box>
    <box frame="16" outside="1" occluded="0" keyframe="1" xtl="732.00" ytl="27.00" xbr="948.00" ybr="320.00">
    </box>
  </track>
  <track id="25" label="Person">
    <box frame="16" outside="0" occluded="0" keyframe="1" xtl="733.00" ytl="30.00" xbr="949.00" ybr="323.00">
    </box>
    <box frame="17" outside="1" occluded="0" keyframe="1" xtl="733.00" ytl="30.00" xbr="949.00" ybr="323.00">
    </box>
  </track>
  <track id="26" label="Person">
    <box frame="16" outside="0" occluded="0" keyframe="1" xtl="306.00" ytl="84.00" xbr="563.00" ybr="483.00">
    </box>
    <box frame="17" outside="1" occluded="0" keyframe="1" xtl="306.00" ytl="84.00" xbr="563.00" ybr="483.00">
    </box>
  </track>
  <track id="27" label="Person">
    <box frame="17" outside="0" occluded="0" keyframe="1" xtl="732.00" ytl="30.00" xbr="948.00" ybr="323.00">
    </box>
    <box frame="18" outside="1" occluded="0" keyframe="1" xtl="732.00" ytl="30.00" xbr="948.00" ybr="323.00">
    </box>
  </track>
  <track id="28" label="Person">
    <box frame="17" outside="0" occluded="0" keyframe="1" xtl="305.00" ytl="76.00" xbr="562.00" ybr="475.00">
    </box>
    <box frame="18" outside="1" occluded="0" keyframe="1" xtl="305.00" ytl="76.00" xbr="562.00" ybr="475.00">
    </box>
  </track>
  <track id="29" label="Person">
    <box frame="18" outside="0" occluded="0" keyframe="1" xtl="307.00" ytl="72.00" xbr="564.00" ybr="471.00">
    </box>
    <box frame="19" outside="1" occluded="0" keyframe="1" xtl="307.00" ytl="72.00" xbr="564.00" ybr="471.00">
    </box>
  </track>
  <track id="30" label="Person">
    <box frame="18" outside="0" occluded="0" keyframe="1" xtl="733.00" ytl="27.00" xbr="949.00" ybr="320.00">
    </box>
    <box frame="19" outside="1" occluded="0" keyframe="1" xtl="733.00" ytl="27.00" xbr="949.00" ybr="320.00">
    </box>
  </track>
  <track id="31" label="Person">
    <box frame="19" outside="0" occluded="0" keyframe="1" xtl="315.00" ytl="88.00" xbr="572.00" ybr="487.00">
    </box>
    <box frame="20" outside="1" occluded="0" keyframe="1" xtl="315.00" ytl="88.00" xbr="572.00" ybr="487.00">
    </box>
  </track>
  <track id="32" label="Person">
    <box frame="19" outside="0" occluded="0" keyframe="1" xtl="734.00" ytl="27.00" xbr="950.00" ybr="320.00">
    </box>
    <box frame="20" outside="1" occluded="0" keyframe="1" xtl="734.00" ytl="27.00" xbr="950.00" ybr="320.00">
    </box>
  </track>
  <track id="33" label="Person">
    <box frame="20" outside="0" occluded="0" keyframe="1" xtl="735.00" ytl="27.00" xbr="951.00" ybr="320.00">
    </box>
    <box frame="21" outside="1" occluded="0" keyframe="1" xtl="735.00" ytl="27.00" xbr="951.00" ybr="320.00">
    </box>
  </track>
  <track id="34" label="Person">
    <box frame="20" outside="0" occluded="0" keyframe="1" xtl="314.00" ytl="88.00" xbr="571.00" ybr="487.00">
    </box>
    <box frame="21" outside="1" occluded="0" keyframe="1" xtl="314.00" ytl="88.00" xbr="571.00" ybr="487.00">
    </box>
  </track>
  <track id="35" label="Person">
    <box frame="21" outside="0" occluded="0" keyframe="1" xtl="734.00" ytl="27.00" xbr="950.00" ybr="320.00">
    </box>
    <box frame="22" outside="1" occluded="0" keyframe="1" xtl="734.00" ytl="27.00" xbr="950.00" ybr="320.00">
    </box>
  </track>
  <track id="36" label="Person">
    <box frame="21" outside="0" occluded="0" keyframe="1" xtl="319.00" ytl="88.00" xbr="576.00" ybr="487.00">
    </box>
    <box frame="22" outside="1" occluded="0" keyframe="1" xtl="319.00" ytl="88.00" xbr="576.00" ybr="487.00">
    </box>
  </track>
  <track id="37" label="Person">
    <box frame="22" outside="0" occluded="0" keyframe="1" xtl="321.00" ytl="88.00" xbr="578.00" ybr="487.00">
    </box>
    <box frame="23" outside="1" occluded="0" keyframe="1" xtl="321.00" ytl="88.00" xbr="578.00" ybr="487.00">
    </box>
  </track>
  <track id="38" label="Person">
    <box frame="22" outside="0" occluded="0" keyframe="1" xtl="735.00" ytl="27.00" xbr="951.00" ybr="320.00">
    </box>
    <box frame="23" outside="1" occluded="0" keyframe="1" xtl="735.00" ytl="27.00" xbr="951.00" ybr="320.00">
    </box>
  </track>
  <track id="39" label="Person">
    <box frame="23" outside="0" occluded="0" keyframe="1" xtl="734.00" ytl="27.00" xbr="950.00" ybr="320.00">
    </box>
    <box frame="24" outside="1" occluded="0" keyframe="1" xtl="734.00" ytl="27.00" xbr="950.00" ybr="320.00">
    </box>
  </track>
  <track id="40" label="Person">
    <box frame="23" outside="0" occluded="0" keyframe="1" xtl="323.00" ytl="84.00" xbr="580.00" ybr="483.00">
    </box>
    <box frame="24" outside="1" occluded="0" keyframe="1" xtl="323.00" ytl="84.00" xbr="580.00" ybr="483.00">
    </box>
  </track>
  <track id="41" label="Person">
    <box frame="24" outside="0" occluded="0" keyframe="1" xtl="735.00" ytl="30.00" xbr="951.00" ybr="323.00">
    </box>
    <box frame="25" outside="1" occluded="0" keyframe="1" xtl="735.00" ytl="30.00" xbr="951.00" ybr="323.00">
    </box>
  </track>
  <track id="42" label="Person">
    <box frame="24" outside="0" occluded="0" keyframe="1" xtl="325.00" ytl="84.00" xbr="582.00" ybr="483.00">
    </box>
    <box frame="25" outside="1" occluded="0" keyframe="1" xtl="325.00" ytl="84.00" xbr="582.00" ybr="483.00">
    </box>
  </track>
  <track id="43" label="Person">
    <box frame="25" outside="0" occluded="0" keyframe="1" xtl="324.00" ytl="88.00" xbr="581.00" ybr="487.00">
    </box>
    <box frame="26" outside="1" occluded="0" keyframe="1" xtl="324.00" ytl="88.00" xbr="581.00" ybr="487.00">
    </box>
  </track>
  <track id="44" label="Person">
    <box frame="25" outside="0" occluded="0" keyframe="1" xtl="734.00" ytl="27.00" xbr="950.00" ybr="320.00">
    </box>
    <box frame="26" outside="1" occluded="0" keyframe="1" xtl="734.00" ytl="27.00" xbr="950.00" ybr="320.00">
    </box>
  </track>
  <track id="45" label="Person">
    <box frame="26" outside="0" occluded="0" keyframe="1" xtl="737.00" ytl="27.00" xbr="953.00" ybr="320.00">
    </box>
    <box frame="27" outside="1" occluded="0" keyframe="1" xtl="737.00" ytl="27.00" xbr="953.00" ybr="320.00">
    </box>
  </track>
  <track id="46" label="Person">
    <box frame="26" outside="0" occluded="0" keyframe="1" xtl="323.00" ytl="88.00" xbr="580.00" ybr="487.00">
    </box>
    <box frame="27" outside="1" occluded="0" keyframe="1" xtl="323.00" ytl="88.00" xbr="580.00" ybr="487.00">
    </box>
  </track>
  <track id="47" label="Person">
    <box frame="27" outside="0" occluded="0" keyframe="1" xtl="325.00" ytl="88.00" xbr="582.00" ybr="487.00">
    </box>
    <box frame="28" outside="1" occluded="0" keyframe="1" xtl="325.00" ytl="88.00" xbr="582.00" ybr="487.00">
    </box>
  </track>
  <track id="48" label="Person">
    <box frame="27" outside="0" occluded="0" keyframe="1" xtl="738.00" ytl="27.00" xbr="954.00" ybr="320.00">
    </box>
    <box frame="28" outside="1" occluded="0" keyframe="1" xtl="738.00" ytl="27.00" xbr="954.00" ybr="320.00">
    </box>
  </track>
  <track id="49" label="Person">
    <box frame="28" outside="0" occluded="0" keyframe="1" xtl="737.00" ytl="27.00" xbr="953.00" ybr="320.00">
    </box>
    <box frame="29" outside="1" occluded="0" keyframe="1" xtl="737.00" ytl="27.00" xbr="953.00" ybr="320.00">
    </box>
  </track>
  <track id="50" label="Person">
    <box frame="28" outside="0" occluded="0" keyframe="1" xtl="324.00" ytl="88.00" xbr="581.00" ybr="487.00">
    </box>
    <box frame="29" outside="1" occluded="0" keyframe="1" xtl="324.00" ytl="88.00" xbr="581.00" ybr="487.00">
    </box>
  </track>
  <track id="51" label="Person">
    <box frame="29" outside="0" occluded="0" keyframe="1" xtl="736.00" ytl="27.00" xbr="952.00" ybr="320.00">
    </box>
    <box frame="30" outside="1" occluded="0" keyframe="1" xtl="736.00" ytl="27.00" xbr="952.00" ybr="320.00">
    </box>
  </track>
  <track id="52" label="Person">
    <box frame="29" outside="0" occluded="0" keyframe="1" xtl="323.00" ytl="88.00" xbr="580.00" ybr="487.00">
    </box>
    <box frame="30" outside="1" occluded="0" keyframe="1" xtl="323.00" ytl="88.00" xbr="580.00" ybr="487.00">
    </box>
  </track>
  <track id="53" label="Person">
    <box frame="30" outside="0" occluded="0" keyframe="1" xtl="735.00" ytl="27.00" xbr="951.00" ybr="320.00">
    </box>
    <box frame="31" outside="1" occluded="0" keyframe="1" xtl="735.00" ytl="27.00" xbr="951.00" ybr="320.00">
    </box>
  </track>
  <track id="54" label="Person">
    <box frame="30" outside="0" occluded="0" keyframe="1" xtl="325.00" ytl="88.00" xbr="582.00" ybr="487.00">
    </box>
    <box frame="31" outside="1" occluded="0" keyframe="1" xtl="325.00" ytl="88.00" xbr="582.00" ybr="487.00">
    </box>
  </track>
  <track id="55" label="Person">
    <box frame="31" outside="0" occluded="0" keyframe="1" xtl="324.00" ytl="88.00" xbr="581.00" ybr="487.00">
    </box>
    <box frame="32" outside="1" occluded="0" keyframe="1" xtl="324.00" ytl="88.00" xbr="581.00" ybr="487.00">
    </box>
  </track>
  <track id="56" label="Person">
    <box frame="31" outside="0" occluded="0" keyframe="1" xtl="736.00" ytl="27.00" xbr="952.00" ybr="320.00">
    </box>
    <box frame="32" outside="1" occluded="0" keyframe="1" xtl="736.00" ytl="27.00" xbr="952.00" ybr="320.00">
    </box>
  </track>
  <track id="57" label="Person">
    <box frame="32" outside="0" occluded="0" keyframe="1" xtl="323.00" ytl="84.00" xbr="580.00" ybr="483.00">
    </box>
    <box frame="33" outside="1" occluded="0" keyframe="1" xtl="323.00" ytl="84.00" xbr="580.00" ybr="483.00">
    </box>
  </track>
  <track id="58" label="Person">
    <box frame="32" outside="0" occluded="0" keyframe="1" xtl="735.00" ytl="27.00" xbr="951.00" ybr="320.00">
    </box>
    <box frame="33" outside="1" occluded="0" keyframe="1" xtl="735.00" ytl="27.00" xbr="951.00" ybr="320.00">
    </box>
  </track>
  <track id="59" label="Person">
    <box frame="33" outside="0" occluded="0" keyframe="1" xtl="325.00" ytl="84.00" xbr="582.00" ybr="483.00">
    </box>
    <box frame="34" outside="1" occluded="0" keyframe="1" xtl="325.00" ytl="84.00" xbr="582.00" ybr="483.00">
    </box>
  </track>
  <track id="60" label="Person">
    <box frame="33" outside="0" occluded="0" keyframe="1" xtl="734.00" ytl="30.00" xbr="950.00" ybr="323.00">
    </box>
    <box frame="34" outside="1" occluded="0" keyframe="1" xtl="734.00" ytl="30.00" xbr="950.00" ybr="323.00">
    </box>
  </track>
  <track id="61" label="Person">
    <box frame="34" outside="0" occluded="0" keyframe="1" xtl="733.00" ytl="27.00" xbr="949.00" ybr="320.00">
    </box>
    <box frame="35" outside="1" occluded="0" keyframe="1" xtl="733.00" ytl="27.00" xbr="949.00" ybr="320.00">
    </box>
  </track>
  <track id="62" label="Person">
    <box frame="34" outside="0" occluded="0" keyframe="1" xtl="721.00" ytl="27.00" xbr="949.00" ybr="306.00">
    </box>
    <box frame="35" outside="1" occluded="0" keyframe="1" xtl="721.00" ytl="27.00" xbr="949.00" ybr="306.00">
    </box>
  </track>
  <track id="63" label="Person">
    <box frame="34" outside="0" occluded="0" keyframe="1" xtl="327.00" ytl="84.00" xbr="584.00" ybr="483.00">
    </box>
    <box frame="35" outside="1" occluded="0" keyframe="1" xtl="327.00" ytl="84.00" xbr="584.00" ybr="483.00">
    </box>
  </track>
  <track id="64" label="Person">
    <box frame="35" outside="0" occluded="0" keyframe="1" xtl="326.00" ytl="84.00" xbr="583.00" ybr="483.00">
    </box>
    <box frame="36" outside="1" occluded="0" keyframe="1" xtl="326.00" ytl="84.00" xbr="583.00" ybr="483.00">
    </box>
  </track>
  <track id="65" label="Person">
    <box frame="35" outside="0" occluded="0" keyframe="1" xtl="721.00" ytl="24.00" xbr="949.00" ybr="303.00">
    </box>
    <box frame="36" outside="1" occluded="0" keyframe="1" xtl="721.00" ytl="24.00" xbr="949.00" ybr="303.00">
    </box>
  </track>
  <track id="66" label="Person">
    <box frame="35" outside="0" occluded="0" keyframe="1" xtl="732.00" ytl="24.00" xbr="948.00" ybr="317.00">
    </box>
    <box frame="36" outside="1" occluded="0" keyframe="1" xtl="732.00" ytl="24.00" xbr="948.00" ybr="317.00">
    </box>
  </track>
  <track id="67" label="Person">
    <box frame="36" outside="0" occluded="0" keyframe="1" xtl="733.00" ytl="27.00" xbr="949.00" ybr="320.00">
    </box>
    <box frame="37" outside="1" occluded="0" keyframe="1" xtl="733.00" ytl="27.00" xbr="949.00" ybr="320.00">
    </box>
  </track>
  <track id="68" label="Person">
    <box frame="36" outside="0" occluded="0" keyframe="1" xtl="325.00" ytl="84.00" xbr="582.00" ybr="483.00">
    </box>
    <box frame="37" outside="1" occluded="0" keyframe="1" xtl="325.00" ytl="84.00" xbr="582.00" ybr="483.00">
    </box>
  </track>
  <track id="69" label="Person">
    <box frame="36" outside="0" occluded="0" keyframe="1" xtl="723.00" ytl="27.00" xbr="951.00" ybr="306.00">
    </box>
    <box frame="37" outside="1" occluded="0" keyframe="1" xtl="723.00" ytl="27.00" xbr="951.00" ybr="306.00">
    </box>
  </track>
  <track id="70" label="Person">
    <box frame="37" outside="0" occluded="0" keyframe="1" xtl="734.00" ytl="27.00" xbr="950.00" ybr="320.00">
    </box>
    <box frame="38" outside="1" occluded="0" keyframe="1" xtl="734.00" ytl="27.00" xbr="950.00" ybr="320.00">
    </box>
  </track>
  <track id="71" label="Person">
    <box frame="37" outside="0" occluded="0" keyframe="1" xtl="327.00" ytl="84.00" xbr="584.00" ybr="483.00">
    </box>
    <box frame="38" outside="1" occluded="0" keyframe="1" xtl="327.00" ytl="84.00" xbr="584.00" ybr="483.00">
    </box>
  </track>
  <track id="72" label="Person">
    <box frame="37" outside="0" occluded="0" keyframe="1" xtl="725.00" ytl="24.00" xbr="953.00" ybr="303.00">
    </box>
    <box frame="38" outside="1" occluded="0" keyframe="1" xtl="725.00" ytl="24.00" xbr="953.00" ybr="303.00">
    </box>
  </track>
  <track id="73" label="Person">
    <box frame="38" outside="0" occluded="0" keyframe="1" xtl="735.00" ytl="27.00" xbr="951.00" ybr="320.00">
    </box>
    <box frame="39" outside="1" occluded="0" keyframe="1" xtl="735.00" ytl="27.00" xbr="951.00" ybr="320.00">
    </box>
  </track>
  <track id="74" label="Person">
    <box frame="38" outside="0" occluded="0" keyframe="1" xtl="326.00" ytl="84.00" xbr="583.00" ybr="483.00">
    </box>
    <box frame="39" outside="1" occluded="0" keyframe="1" xtl="326.00" ytl="84.00" xbr="583.00" ybr="483.00">
    </box>
  </track>
  <track id="75" label="Person">
    <box frame="38" outside="0" occluded="0" keyframe="1" xtl="725.00" ytl="24.00" xbr="953.00" ybr="303.00">
    </box>
    <box frame="39" outside="1" occluded="0" keyframe="1" xtl="725.00" ytl="24.00" xbr="953.00" ybr="303.00">
    </box>
  </track>
  <track id="76" label="Person">
    <box frame="39" outside="0" occluded="0" keyframe="1" xtl="325.00" ytl="84.00" xbr="582.00" ybr="483.00">
    </box>
    <box frame="40" outside="1" occluded="0" keyframe="1" xtl="325.00" ytl="84.00" xbr="582.00" ybr="483.00">
    </box>
  </track>
  <track id="77" label="Person">
    <box frame="39" outside="0" occluded="0" keyframe="1" xtl="738.00" ytl="30.00" xbr="954.00" ybr="323.00">
    </box>
    <box frame="40" outside="1" occluded="0" keyframe="1" xtl="738.00" ytl="30.00" xbr="954.00" ybr="323.00">
    </box>
  </track>
  <track id="78" label="Person">
    <box frame="39" outside="0" occluded="0" keyframe="1" xtl="727.00" ytl="24.00" xbr="955.00" ybr="303.00">
    </box>
    <box frame="40" outside="1" occluded="0" keyframe="1" xtl="727.00" ytl="24.00" xbr="955.00" ybr="303.00">
    </box>
  </track>
  <track id="79" label="Person">
    <box frame="40" outside="0" occluded="0" keyframe="1" xtl="741.00" ytl="30.00" xbr="957.00" ybr="323.00">
    </box>
    <box frame="41" outside="1" occluded="0" keyframe="1" xtl="741.00" ytl="30.00" xbr="957.00" ybr="323.00">
    </box>
  </track>
  <track id="80" label="Person">
    <box frame="40" outside="0" occluded="0" keyframe="1" xtl="727.00" ytl="24.00" xbr="955.00" ybr="303.00">
    </box>
    <box frame="41" outside="1" occluded="0" keyframe="1" xtl="727.00" ytl="24.00" xbr="955.00" ybr="303.00">
    </box>
  </track>
  <track id="81" label="Person">
    <box frame="40" outside="0" occluded="0" keyframe="1" xtl="327.00" ytl="84.00" xbr="584.00" ybr="483.00">
    </box>
    <box frame="41" outside="1" occluded="0" keyframe="1" xtl="327.00" ytl="84.00" xbr="584.00" ybr="483.00">
    </box>
  </track>
  <track id="82" label="Person">
    <box frame="41" outside="0" occluded="0" keyframe="1" xtl="729.00" ytl="21.00" xbr="957.00" ybr="300.00">
    </box>
    <box frame="42" outside="1" occluded="0" keyframe="1" xtl="729.00" ytl="21.00" xbr="957.00" ybr="300.00">
    </box>
  </track>
  <track id="83" label="Person">
    <box frame="41" outside="0" occluded="0" keyframe="1" xtl="326.00" ytl="84.00" xbr="583.00" ybr="483.00">
    </box>
    <box frame="42" outside="1" occluded="0" keyframe="1" xtl="326.00" ytl="84.00" xbr="583.00" ybr="483.00">
    </box>
  </track>
  <track id="84" label="Person">
    <box frame="41" outside="0" occluded="0" keyframe="1" xtl="744.00" ytl="27.00" xbr="960.00" ybr="320.00">
    </box>
    <box frame="42" outside="1" occluded="0" keyframe="1" xtl="744.00" ytl="27.00" xbr="960.00" ybr="320.00">
    </box>
  </track>
  <track id="85" label="Person">
    <box frame="42" outside="0" occluded="0" keyframe="1" xtl="328.00" ytl="84.00" xbr="585.00" ybr="483.00">
    </box>
    <box frame="43" outside="1" occluded="0" keyframe="1" xtl="328.00" ytl="84.00" xbr="585.00" ybr="483.00">
    </box>
  </track>
  <track id="86" label="Person">
    <box frame="42" outside="0" occluded="0" keyframe="1" xtl="745.00" ytl="30.00" xbr="961.00" ybr="323.00">
    </box>
    <box frame="43" outside="1" occluded="0" keyframe="1" xtl="745.00" ytl="30.00" xbr="961.00" ybr="323.00">
    </box>
  </track>
  <track id="87" label="Person">
    <box frame="42" outside="0" occluded="0" keyframe="1" xtl="729.00" ytl="24.00" xbr="957.00" ybr="303.00">
    </box>
    <box frame="43" outside="1" occluded="0" keyframe="1" xtl="729.00" ytl="24.00" xbr="957.00" ybr="303.00">
    </box>
  </track>
  <track id="88" label="Person">
    <box frame="43" outside="0" occluded="0" keyframe="1" xtl="327.00" ytl="84.00" xbr="584.00" ybr="483.00">
    </box>
    <box frame="44" outside="1" occluded="0" keyframe="1" xtl="327.00" ytl="84.00" xbr="584.00" ybr="483.00">
    </box>
  </track>
  <track id="89" label="Person">
    <box frame="43" outside="0" occluded="0" keyframe="1" xtl="744.00" ytl="36.00" xbr="960.00" ybr="329.00">
    </box>
    <box frame="44" outside="1" occluded="0" keyframe="1" xtl="744.00" ytl="36.00" xbr="960.00" ybr="329.00">
    </box>
  </track>
  <track id="90" label="Person">
    <box frame="43" outside="0" occluded="0" keyframe="1" xtl="731.00" ytl="21.00" xbr="959.00" ybr="300.00">
    </box>
    <box frame="44" outside="1" occluded="0" keyframe="1" xtl="731.00" ytl="21.00" xbr="959.00" ybr="300.00">
    </box>
  </track>
  <track id="91" label="Person">
    <box frame="44" outside="0" occluded="0" keyframe="1" xtl="741.00" ytl="42.00" xbr="957.00" ybr="335.00">
    </box>
    <box frame="45" outside="1" occluded="0" keyframe="1" xtl="741.00" ytl="42.00" xbr="957.00" ybr="335.00">
    </box>
  </track>
  <track id="92" label="Person">
    <box frame="44" outside="0" occluded="0" keyframe="1" xtl="326.00" ytl="84.00" xbr="583.00" ybr="483.00">
    </box>
    <box frame="45" outside="1" occluded="0" keyframe="1" xtl="326.00" ytl="84.00" xbr="583.00" ybr="483.00">
    </box>
  </track>
  <track id="93" label="Person">
    <box frame="44" outside="0" occluded="0" keyframe="1" xtl="733.00" ytl="21.00" xbr="961.00" ybr="300.00">
    </box>
    <box frame="45" outside="1" occluded="0" keyframe="1" xtl="733.00" ytl="21.00" xbr="961.00" ybr="300.00">
    </box>
  </track>
  <track id="94" label="Person">
    <box frame="45" outside="0" occluded="0" keyframe="1" xtl="733.00" ytl="24.00" xbr="961.00" ybr="303.00">
    </box>
    <box frame="46" outside="1" occluded="0" keyframe="1" xtl="733.00" ytl="24.00" xbr="961.00" ybr="303.00">
    </box>
  </track>
  <track id="95" label="Person">
    <box frame="45" outside="0" occluded="0" keyframe="1" xtl="325.00" ytl="84.00" xbr="582.00" ybr="483.00">
    </box>
    <box frame="46" outside="1" occluded="0" keyframe="1" xtl="325.00" ytl="84.00" xbr="582.00" ybr="483.00">
    </box>
  </track>
  <track id="96" label="Person">
    <box frame="45" outside="0" occluded="0" keyframe="1" xtl="744.00" ytl="39.00" xbr="960.00" ybr="332.00">
    </box>
    <box frame="46" outside="1" occluded="0" keyframe="1" xtl="744.00" ytl="39.00" xbr="960.00" ybr="332.00">
    </box>
  </track>
  <track id="97" label="Person">
    <box frame="46" outside="0" occluded="0" keyframe="1" xtl="735.00" ytl="24.00" xbr="963.00" ybr="303.00">
    </box>
    <box frame="47" outside="1" occluded="0" keyframe="1" xtl="735.00" ytl="24.00" xbr="963.00" ybr="303.00">
    </box>
  </track>
  <track id="98" label="Person">
    <box frame="46" outside="0" occluded="0" keyframe="1" xtl="324.00" ytl="84.00" xbr="581.00" ybr="483.00">
    </box>
    <box frame="47" outside="1" occluded="0" keyframe="1" xtl="324.00" ytl="84.00" xbr="581.00" ybr="483.00">
    </box>
  </track>
  <track id="99" label="Person">
    <box frame="46" outside="0" occluded="0" keyframe="1" xtl="745.00" ytl="42.00" xbr="961.00" ybr="335.00">
    </box>
    <box frame="47" outside="1" occluded="0" keyframe="1" xtl="745.00" ytl="42.00" xbr="961.00" ybr="335.00">
    </box>
  </track>
  <track id="100" label="Person">
    <box frame="47" outside="0" occluded="0" keyframe="1" xtl="323.00" ytl="84.00" xbr="580.00" ybr="483.00">
    </box>
    <box frame="48" outside="1" occluded="0" keyframe="1" xtl="323.00" ytl="84.00" xbr="580.00" ybr="483.00">
    </box>
  </track>
  <track id="101" label="Person">
    <box frame="47" outside="0" occluded="0" keyframe="1" xtl="737.00" ytl="21.00" xbr="965.00" ybr="300.00">
    </box>
    <box frame="48" outside="1" occluded="0" keyframe="1" xtl="737.00" ytl="21.00" xbr="965.00" ybr="300.00">
    </box>
  </track>
  <track id="102" label="Person">
    <box frame="47" outside="0" occluded="0" keyframe="1" xtl="748.00" ytl="39.00" xbr="964.00" ybr="332.00">
    </box>
    <box frame="48" outside="1" occluded="0" keyframe="1" xtl="748.00" ytl="39.00" xbr="964.00" ybr="332.00">
    </box>
  </track>
  <track id="103" label="Person">
    <box frame="48" outside="0" occluded="0" keyframe="1" xtl="322.00" ytl="84.00" xbr="579.00" ybr="483.00">
    </box>
    <box frame="49" outside="1" occluded="0" keyframe="1" xtl="322.00" ytl="84.00" xbr="579.00" ybr="483.00">
    </box>
  </track>
  <track id="104" label="Person">
    <box frame="48" outside="0" occluded="0" keyframe="1" xtl="737.00" ytl="24.00" xbr="965.00" ybr="303.00">
    </box>
    <box frame="49" outside="1" occluded="0" keyframe="1" xtl="737.00" ytl="24.00" xbr="965.00" ybr="303.00">
    </box>
  </track>
  <track id="105" label="Person">
    <box frame="48" outside="0" occluded="0" keyframe="1" xtl="747.00" ytl="39.00" xbr="963.00" ybr="332.00">
    </box>
    <box frame="49" outside="1" occluded="0" keyframe="1" xtl="747.00" ytl="39.00" xbr="963.00" ybr="332.00">
    </box>
  </track>
  <track id="106" label="Person">
    <box frame="49" outside="0" occluded="0" keyframe="1" xtl="324.00" ytl="84.00" xbr="581.00" ybr="483.00">
    </box>
    <box frame="50" outside="1" occluded="0" keyframe="1" xtl="324.00" ytl="84.00" xbr="581.00" ybr="483.00">
    </box>
  </track>
  <track id="107" label="Person">
    <box frame="49" outside="0" occluded="0" keyframe="1" xtl="737.00" ytl="21.00" xbr="965.00" ybr="300.00">
    </box>
    <box frame="50" outside="1" occluded="0" keyframe="1" xtl="737.00" ytl="21.00" xbr="965.00" ybr="300.00">
    </box>
  </track>
  <track id="108" label="Person">
    <box frame="49" outside="0" occluded="0" keyframe="1" xtl="748.00" ytl="33.00" xbr="964.00" ybr="326.00">
    </box>
    <box frame="50" outside="1" occluded="0" keyframe="1" xtl="748.00" ytl="33.00" xbr="964.00" ybr="326.00">
    </box>
  </track>
  <track id="109" label="Person">
    <box frame="50" outside="0" occluded="0" keyframe="1" xtl="735.00" ytl="24.00" xbr="963.00" ybr="303.00">
    </box>
    <box frame="51" outside="1" occluded="0" keyframe="1" xtl="735.00" ytl="24.00" xbr="963.00" ybr="303.00">
    </box>
  </track>
  <track id="110" label="Person">
    <box frame="50" outside="0" occluded="0" keyframe="1" xtl="323.00" ytl="88.00" xbr="580.00" ybr="487.00">
    </box>
    <box frame="51" outside="1" occluded="0" keyframe="1" xtl="323.00" ytl="88.00" xbr="580.00" ybr="487.00">
    </box>
  </track>
  <track id="111" label="Person">
    <box frame="50" outside="0" occluded="0" keyframe="1" xtl="745.00" ytl="39.00" xbr="961.00" ybr="332.00">
    </box>
    <box frame="51" outside="1" occluded="0" keyframe="1" xtl="745.00" ytl="39.00" xbr="961.00" ybr="332.00">
    </box>
  </track>
  <track id="112" label="Person">
    <box frame="51" outside="0" occluded="0" keyframe="1" xtl="735.00" ytl="21.00" xbr="963.00" ybr="300.00">
    </box>
    <box frame="52" outside="1" occluded="0" keyframe="1" xtl="735.00" ytl="21.00" xbr="963.00" ybr="300.00">
    </box>
  </track>
  <track id="113" label="Person">
    <box frame="51" outside="0" occluded="0" keyframe="1" xtl="325.00" ytl="84.00" xbr="582.00" ybr="483.00">
    </box>
    <box frame="52" outside="1" occluded="0" keyframe="1" xtl="325.00" ytl="84.00" xbr="582.00" ybr="483.00">
    </box>
  </track>
  <track id="114" label="Person">
    <box frame="51" outside="0" occluded="0" keyframe="1" xtl="746.00" ytl="36.00" xbr="962.00" ybr="329.00">
    </box>
    <box frame="52" outside="1" occluded="0" keyframe="1" xtl="746.00" ytl="36.00" xbr="962.00" ybr="329.00">
    </box>
  </track>
  <track id="115" label="Person">
    <box frame="52" outside="0" occluded="0" keyframe="1" xtl="751.00" ytl="42.00" xbr="967.00" ybr="335.00">
    </box>
    <box frame="53" outside="1" occluded="0" keyframe="1" xtl="751.00" ytl="42.00" xbr="967.00" ybr="335.00">
    </box>
  </track>
  <track id="116" label="Person">
    <box frame="52" outside="0" occluded="0" keyframe="1" xtl="324.00" ytl="88.00" xbr="581.00" ybr="487.00">
    </box>
    <box frame="53" outside="1" occluded="0" keyframe="1" xtl="324.00" ytl="88.00" xbr="581.00" ybr="487.00">
    </box>
  </track>
  <track id="117" label="Person">
    <box frame="52" outside="0" occluded="0" keyframe="1" xtl="739.00" ytl="24.00" xbr="967.00" ybr="303.00">
    </box>
    <box frame="53" outside="1" occluded="0" keyframe="1" xtl="739.00" ytl="24.00" xbr="967.00" ybr="303.00">
    </box>
  </track>
  <track id="118" label="Person">
    <box frame="53" outside="0" occluded="0" keyframe="1" xtl="747.00" ytl="18.00" xbr="975.00" ybr="297.00">
    </box>
    <box frame="54" outside="1" occluded="0" keyframe="1" xtl="747.00" ytl="18.00" xbr="975.00" ybr="297.00">
    </box>
  </track>
  <track id="119" label="Person">
    <box frame="54" outside="0" occluded="0" keyframe="1" xtl="751.00" ytl="21.00" xbr="979.00" ybr="300.00">
    </box>
    <box frame="55" outside="1" occluded="0" keyframe="1" xtl="751.00" ytl="21.00" xbr="979.00" ybr="300.00">
    </box>
  </track>
  <track id="120" label="Person">
    <box frame="55" outside="0" occluded="0" keyframe="1" xtl="751.00" ytl="27.00" xbr="979.00" ybr="306.00">
    </box>
    <box frame="56" outside="1" occluded="0" keyframe="1" xtl="751.00" ytl="27.00" xbr="979.00" ybr="306.00">
    </box>
  </track>
  <track id="121" label="Person">
    <box frame="56" outside="0" occluded="0" keyframe="1" xtl="751.00" ytl="24.00" xbr="979.00" ybr="303.00">
    </box>
    <box frame="57" outside="1" occluded="0" keyframe="1" xtl="751.00" ytl="24.00" xbr="979.00" ybr="303.00">
    </box>
  </track>
  <track id="122" label="Person">
    <box frame="57" outside="0" occluded="0" keyframe="1" xtl="749.00" ytl="18.00" xbr="977.00" ybr="297.00">
    </box>
    <box frame="58" outside="1" occluded="0" keyframe="1" xtl="749.00" ytl="18.00" xbr="977.00" ybr="297.00">
    </box>
  </track>
  <track id="123" label="Person">
    <box frame="58" outside="0" occluded="0" keyframe="1" xtl="749.00" ytl="18.00" xbr="977.00" ybr="297.00">
    </box>
    <box frame="59" outside="1" occluded="0" keyframe="1" xtl="749.00" ytl="18.00" xbr="977.00" ybr="297.00">
    </box>
  </track>
  <track id="124" label="Person">
    <box frame="59" outside="0" occluded="0" keyframe="1" xtl="751.00" ytl="15.00" xbr="979.00" ybr="294.00">
    </box>
    <box frame="60" outside="1" occluded="0" keyframe="1" xtl="751.00" ytl="15.00" xbr="979.00" ybr="294.00">
    </box>
  </track>
  <track id="125" label="Person">
    <box frame="60" outside="0" occluded="0" keyframe="1" xtl="751.00" ytl="18.00" xbr="979.00" ybr="297.00">
    </box>
    <box frame="61" outside="1" occluded="0" keyframe="1" xtl="751.00" ytl="18.00" xbr="979.00" ybr="297.00">
    </box>
  </track>
  <track id="126" label="Person">
    <box frame="61" outside="0" occluded="0" keyframe="1" xtl="751.00" ytl="18.00" xbr="979.00" ybr="297.00">
    </box>
    <box frame="62" outside="1" occluded="0" keyframe="1" xtl="751.00" ytl="18.00" xbr="979.00" ybr="297.00">
    </box>
  </track>
  <track id="127" label="Person">
    <box frame="62" outside="0" occluded="0" keyframe="1" xtl="751.00" ytl="18.00" xbr="979.00" ybr="297.00">
    </box>
    <box frame="63" outside="1" occluded="0" keyframe="1" xtl="751.00" ytl="18.00" xbr="979.00" ybr="297.00">
    </box>
  </track>
  <track id="128" label="Person">
    <box frame="63" outside="0" occluded="0" keyframe="1" xtl="751.00" ytl="18.00" xbr="979.00" ybr="297.00">
    </box>
    <box frame="64" outside="1" occluded="0" keyframe="1" xtl="751.00" ytl="18.00" xbr="979.00" ybr="297.00">
    </box>
  </track>
  <track id="129" label="Person">
    <box frame="64" outside="0" occluded="0" keyframe="1" xtl="751.00" ytl="21.00" xbr="979.00" ybr="300.00">
    </box>
    <box frame="65" outside="1" occluded="0" keyframe="1" xtl="751.00" ytl="21.00" xbr="979.00" ybr="300.00">
    </box>
  </track>
  <track id="130" label="Person">
    <box frame="65" outside="0" occluded="0" keyframe="1" xtl="751.00" ytl="24.00" xbr="979.00" ybr="303.00">
    </box>
    <box frame="66" outside="1" occluded="0" keyframe="1" xtl="751.00" ytl="24.00" xbr="979.00" ybr="303.00">
    </box>
  </track>
  <track id="131" label="Person">
    <box frame="66" outside="0" occluded="0" keyframe="1" xtl="751.00" ytl="18.00" xbr="979.00" ybr="297.00">
    </box>
    <box frame="67" outside="1" occluded="0" keyframe="1" xtl="751.00" ytl="18.00" xbr="979.00" ybr="297.00">
    </box>
  </track>
  <track id="132" label="Person">
    <box frame="67" outside="0" occluded="0" keyframe="1" xtl="749.00" ytl="24.00" xbr="977.00" ybr="303.00">
    </box>
    <box frame="68" outside="1" occluded="0" keyframe="1" xtl="749.00" ytl="24.00" xbr="977.00" ybr="303.00">
    </box>
  </track>
  <track id="133" label="Person">
    <box frame="68" outside="0" occluded="0" keyframe="1" xtl="747.00" ytl="21.00" xbr="975.00" ybr="300.00">
    </box>
    <box frame="69" outside="1" occluded="0" keyframe="1" xtl="747.00" ytl="21.00" xbr="975.00" ybr="300.00">
    </box>
  </track>
  <track id="134" label="Person">
    <box frame="69" outside="0" occluded="0" keyframe="1" xtl="747.00" ytl="21.00" xbr="975.00" ybr="300.00">
    </box>
    <box frame="70" outside="1" occluded="0" keyframe="1" xtl="747.00" ytl="21.00" xbr="975.00" ybr="300.00">
    </box>
  </track>
  <track id="135" label="Person">
    <box frame="70" outside="0" occluded="0" keyframe="1" xtl="749.00" ytl="24.00" xbr="977.00" ybr="303.00">
    </box>
    <box frame="71" outside="1" occluded="0" keyframe="1" xtl="749.00" ytl="24.00" xbr="977.00" ybr="303.00">
    </box>
  </track>
  <track id="136" label="Person">
    <box frame="71" outside="0" occluded="0" keyframe="1" xtl="749.00" ytl="24.00" xbr="977.00" ybr="303.00">
    </box>
    <box frame="72" outside="1" occluded="0" keyframe="1" xtl="749.00" ytl="24.00" xbr="977.00" ybr="303.00">
    </box>
  </track>
  <track id="137" label="Person">
    <box frame="72" outside="0" occluded="0" keyframe="1" xtl="749.00" ytl="24.00" xbr="977.00" ybr="303.00">
    </box>
    <box frame="73" outside="1" occluded="0" keyframe="1" xtl="749.00" ytl="24.00" xbr="977.00" ybr="303.00">
    </box>
  </track>
  <track id="138" label="Person">
    <box frame="73" outside="0" occluded="0" keyframe="1" xtl="749.00" ytl="24.00" xbr="977.00" ybr="303.00">
    </box>
    <box frame="74" outside="1" occluded="0" keyframe="1" xtl="749.00" ytl="24.00" xbr="977.00" ybr="303.00">
    </box>
  </track>
  <track id="139" label="Person">
    <box frame="74" outside="0" occluded="0" keyframe="1" xtl="749.00" ytl="24.00" xbr="977.00" ybr="303.00">
    </box>
    <box frame="75" outside="1" occluded="0" keyframe="1" xtl="749.00" ytl="24.00" xbr="977.00" ybr="303.00">
    </box>
  </track>
  <track id="140" label="Person">
    <box frame="75" outside="0" occluded="0" keyframe="1" xtl="749.00" ytl="24.00" xbr="977.00" ybr="303.00">
    </box>
    <box frame="76" outside="1" occluded="0" keyframe="1" xtl="749.00" ytl="24.00" xbr="977.00" ybr="303.00">
    </box>
  </track>
  <track id="141" label="Person">
    <box frame="76" outside="0" occluded="0" keyframe="1" xtl="749.00" ytl="24.00" xbr="977.00" ybr="303.00">
    </box>
    <box frame="77" outside="1" occluded="0" keyframe="1" xtl="749.00" ytl="24.00" xbr="977.00" ybr="303.00">
    </box>
  </track>
  <track id="142" label="Person">
    <box frame="77" outside="0" occluded="0" keyframe="1" xtl="749.00" ytl="24.00" xbr="977.00" ybr="303.00">
    </box>
    <box frame="78" outside="1" occluded="0" keyframe="1" xtl="749.00" ytl="24.00" xbr="977.00" ybr="303.00">
    </box>
  </track>
  <track id="143" label="Person">
    <box frame="78" outside="0" occluded="0" keyframe="1" xtl="751.00" ytl="21.00" xbr="979.00" ybr="300.00">
    </box>
    <box frame="79" outside="1" occluded="0" keyframe="1" xtl="751.00" ytl="21.00" xbr="979.00" ybr="300.00">
    </box>
  </track>
  <track id="144" label="Person">
    <box frame="79" outside="0" occluded="0" keyframe="1" xtl="751.00" ytl="24.00" xbr="979.00" ybr="303.00">
    </box>
    <box frame="80" outside="1" occluded="0" keyframe="1" xtl="751.00" ytl="24.00" xbr="979.00" ybr="303.00">
    </box>
  </track>
  <track id="145" label="Person">
    <box frame="80" outside="0" occluded="0" keyframe="1" xtl="751.00" ytl="24.00" xbr="979.00" ybr="303.00">
    </box>
    <box frame="81" outside="1" occluded="0" keyframe="1" xtl="751.00" ytl="24.00" xbr="979.00" ybr="303.00">
    </box>
  </track>
  <track id="146" label="Person">
    <box frame="81" outside="0" occluded="0" keyframe="1" xtl="751.00" ytl="24.00" xbr="979.00" ybr="303.00">
    </box>
    <box frame="82" outside="1" occluded="0" keyframe="1" xtl="751.00" ytl="24.00" xbr="979.00" ybr="303.00">
    </box>
  </track>
  <track id="147" label="Person">
    <box frame="82" outside="0" occluded="0" keyframe="1" xtl="751.00" ytl="24.00" xbr="979.00" ybr="303.00">
    </box>
    <box frame="83" outside="1" occluded="0" keyframe="1" xtl="751.00" ytl="24.00" xbr="979.00" ybr="303.00">
    </box>
  </track>
  <track id="148" label="Person">
    <box frame="83" outside="0" occluded="0" keyframe="1" xtl="751.00" ytl="24.00" xbr="979.00" ybr="303.00">
    </box>
    <box frame="84" outside="1" occluded="0" keyframe="1" xtl="751.00" ytl="24.00" xbr="979.00" ybr="303.00">
    </box>
  </track>
  <track id="149" label="Person">
    <box frame="3" outside="0" occluded="0" keyframe="1" xtl="736.00" ytl="21.00" xbr="952.00" ybr="314.00">
    </box>
    <box frame="4" outside="1" occluded="0" keyframe="1" xtl="736.00" ytl="21.00" xbr="952.00" ybr="314.00">
    </box>
  </track>
  <track id="150" label="Person">
    <box frame="3" outside="0" occluded="0" keyframe="1" xtl="310.00" ytl="68.00" xbr="567.00" ybr="467.00">
    </box>
    <box frame="4" outside="1" occluded="0" keyframe="1" xtl="310.00" ytl="68.00" xbr="567.00" ybr="467.00">
    </box>
  </track>
  <track id="151" label="Person">
    <box frame="4" outside="0" occluded="0" keyframe="1" xtl="309.00" ytl="72.00" xbr="566.00" ybr="471.00">
    </box>
    <box frame="5" outside="1" occluded="0" keyframe="1" xtl="309.00" ytl="72.00" xbr="566.00" ybr="471.00">
    </box>
  </track>
  <track id="152" label="Person">
    <box frame="4" outside="0" occluded="0" keyframe="1" xtl="737.00" ytl="24.00" xbr="953.00" ybr="317.00">
    </box>
    <box frame="5" outside="1" occluded="0" keyframe="1" xtl="737.00" ytl="24.00" xbr="953.00" ybr="317.00">
    </box>
  </track>
</annotations>