<?xml version="1.0" encoding="utf-8"?>
<annotations>
  <version>1.1</version>
  <meta>
    <task>
      <id>33</id>
      <name>dummy_git_1</name>
      <size>250</size>
      <mode>interpolation</mode>
      <overlap>5</overlap>
      <bugtracker></bugtracker>
      <created>2020-10-15 12:48:18.694271+00:00</created>
      <updated>2020-10-15 12:48:18.694288+00:00</updated>
      <start_frame>0</start_frame>
      <stop_frame>249</stop_frame>
      <frame_filter></frame_filter>
      <z_order>False</z_order>
      <labels>
        <label>
          <name>Person</name>
          <attributes>
          </attributes>
        </label>
      </labels>
      <segments>
        <segment>
          <id>22</id>
          <start>0</start>
          <stop>249</stop>
          <url>http://default--default.40.81.229.81.xip.io/?id=22</url>
        </segment>
      </segments>
      <owner>
        <username>admin</username>
        <email></email>
      </owner>
      <assignee></assignee>
      <original_size>
        <width>1280</width>
        <height>720</height>
      </original_size>
    </task>
    <dumped>2020-10-15 13:00:11.944577+00:00</dumped>
    <source>ENB_North0003_2020_10_12_00_42_03_00_42_34.mp4</source>
  </meta>
</annotations>